ID	blaTEM-1B_1_AY458016	blaCTX-M-15_1_AY044436	blaZEG-1_1_AY265891	blaMIR-2_1_AY227752	blaMIR-6_1_JQ664733
blood-08-0081	1	0	0	1	1
blood-08-0094	1	1	1	1	1
blood-08-0215	0	0	1	0	0
blood-08-0379	0	0	1	0	0
blood-08-0654	0	0	1	0	0
blood-08-1203	0	0	1	0	0
blood-08-1420	0	0	1	1	1
blood-08-1447	1	0	1	0	0
blood-08-1463	1	0	1	0	0
blood-08-1493	1	0	0	1	1
blood-08-1563rep1	1	0	0	1	1
blood-08-1563rep2	1	0	0	1	1
blood-08-1636	0	0	0	1	1
blood-09-0023rep1	1	0	1	1	1
blood-09-0023rep2	1	0	1	1	1
blood-09-0409	0	0	1	0	0
blood-09-0428	0	1	1	0	0
blood-09-0558	1	0	1	0	0
blood-09-0718	1	0	1	1	1
blood-09-0751	1	0	1	0	0
blood-09-0767	0	0	1	1	1
blood-09-0768	1	0	1	1	1
blood-09-1290	0	0	1	1	1
blood-09-1305rep2	1	0	0	1	1
blood-09-1342	1	0	0	1	1
blood-09-1545	1	0	1	0	0
blood-10-0040	0	0	1	1	1
blood-10-0183	0	0	0	1	1
blood-10-0223	0	1	1	0	0
blood-10-0682	0	0	0	0	0
blood-10-0684	1	0	0	1	1
blood-10-0687	0	0	1	0	0
blood-10-0899rep2	1	0	1	0	0
blood-10-0913	1	0	1	0	0
blood-10-1009	1	0	1	1	1
blood-10-1126	1	0	1	0	0
blood-10-1215	0	0	1	1	1
blood-10-1310	1	0	1	0	0
blood-10-1362	0	0	1	1	1
blood-10-1386	1	0	1	0	0
blood-10-1607	0	0	1	0	0
blood-10-1610	0	1	1	0	0
blood-11-0067	0	0	1	0	0
blood-2011-0141	0	0	0	1	1
blood-2011-0238	1	0	1	1	1
blood-90544	1	1	1	1	1
blood-B-11-184	1	0	1	0	0
blood-B11-136	1	0	1	0	0
c1	0	0	0	0	0
c10	0	0	0	0	0
c11	0	0	0	0	0
c12	0	0	0	0	0
c13	0	0	0	0	0
c14	0	0	0	0	0
c16	0	0	0	0	0
c2	0	0	0	0	0
c3	0	0	0	0	0
c4	0	0	0	0	0
c5	0	0	0	0	0
c6	0	0	0	0	0
c7	0	0	0	0	0
c8	0	0	0	0	0
c9	0	0	0	0	0
s1	0	0	0	0	0
s10	0	0	0	0	0
s100	0	0	0	0	0
s101	0	0	0	0	0
s103	0	0	0	0	0
s105	0	0	0	0	0
s106	0	0	0	0	0
s107	0	0	0	0	0
s108	0	0	0	0	0
s109	0	0	0	0	0
s110	0	0	0	0	0
s111	0	0	0	0	0
s112	0	0	0	0	0
s114	0	0	0	0	0
s115	0	0	0	0	0
s116	0	0	0	0	0
s117	0	0	0	0	0
s118	0	0	0	0	0
s119	0	0	0	0	0
s120	0	0	0	0	0
s128	0	0	0	0	0
s129	0	0	0	0	0
s130	0	0	0	0	0
s131	0	0	0	0	0
s132	0	0	0	0	0
s133	0	0	0	0	0
s135	0	0	0	0	0
s138	0	0	0	0	0
s141	0	0	0	0	0
s142	0	0	0	0	0
s143	0	0	0	0	0
s144	0	0	0	0	0
s147	0	0	0	0	0
s151	0	0	0	0	0
s152	0	0	0	0	0
s153	0	0	0	0	0
s156	0	0	0	0	0
s157	0	0	0	0	0
s160	0	0	0	0	0
s166	0	0	0	0	0
s167	0	0	0	0	0
s168	0	0	0	0	0
s170	0	0	0	0	0
s172	0	0	0	0	0
s174	0	0	0	0	0
s175	0	0	0	0	0
s177	0	0	0	0	0
s178	0	0	0	0	0
s184	0	0	0	0	0
s314	0	0	0	0	0
s335	0	0	0	0	0
s340	0	0	0	0	0
s375	0	0	0	0	0
s377	0	0	0	0	0
s379	0	0	0	0	0
s388	0	0	0	0	0
s4	0	0	0	0	0
s405	0	0	0	0	0
s414	0	0	0	0	0
s415	0	0	0	0	0
s426	0	0	0	0	0
s427	0	0	0	0	0
s445	0	0	0	0	0
s446	0	0	0	0	0
s447	0	0	0	0	0
s451	0	0	0	0	0
s452	0	0	0	0	0
s463	0	0	0	0	0
s471	0	0	0	0	0
s48	0	0	0	0	0
s480	0	0	0	0	0
s484	0	0	0	0	0
s55	0	0	0	0	0
s65	0	0	0	0	0
s66	0	0	0	0	0
s663	0	0	0	0	0
s667	0	0	0	0	0
s668	0	0	0	0	0
s673	0	0	0	0	0
s679	0	0	0	0	0
s680	0	0	0	0	0
s681	0	0	0	0	0
s702	0	0	0	0	0
s703	0	0	0	0	0
s709	0	0	0	0	0
s723	0	0	0	0	0
s725	0	0	0	0	0
s729	0	0	0	0	0
s73	0	0	0	0	0
s750	0	0	0	0	0
s751	0	0	0	0	0
s752	0	0	0	0	0
s789	0	0	0	0	0
s790	0	0	0	0	0
s8	0	0	0	0	0
s80	0	0	0	0	0
s87	0	0	0	0	0
s88	0	0	0	0	0
s89	0	0	0	0	0
s90	0	0	0	0	0
s91	0	0	0	0	0
s92	0	0	0	0	0
s94	0	0	0	0	0
s95	0	0	0	0	0
s96	0	0	0	0	0
s97	0	0	0	0	0
s98	0	0	0	0	0
upec-100	1	0	1	1	1
upec-101	0	0	1	1	1
upec-103	0	0	0	1	1
upec-104	0	0	1	1	1
upec-105	0	0	1	1	1
upec-106	0	0	1	0	0
upec-107	0	0	1	1	1
upec-108	1	0	1	0	0
upec-109	1	0	1	0	0
upec-110	0	0	1	0	0
upec-111	1	0	1	1	1
upec-112	0	0	1	1	1
upec-113	0	0	1	1	1
upec-114	0	0	0	1	1
upec-115	0	0	1	0	0
upec-116	0	0	1	0	0
upec-117	1	0	1	0	0
upec-119	1	0	1	1	1
upec-120	0	0	1	0	0
upec-121	0	0	1	1	1
upec-123	0	0	1	1	1
upec-124	0	0	1	0	0
upec-125	1	0	1	0	0
upec-126	0	0	1	1	1
upec-127	0	0	1	1	1
upec-128	0	0	1	0	0
upec-129	0	0	1	0	0
upec-130	0	0	1	1	1
upec-131	0	0	1	0	0
upec-132	1	0	0	1	1
upec-133	1	0	0	1	1
upec-134	1	0	1	0	0
upec-135	0	0	1	1	1
upec-136	0	0	1	0	0
upec-137	1	0	1	1	1
upec-138	0	0	1	1	1
upec-139	0	0	1	0	0
upec-14	1	1	1	1	1
upec-140	0	0	1	1	1
upec-141	0	0	1	1	1
upec-142	0	0	1	0	0
upec-143	1	1	1	0	0
upec-144	1	0	1	0	0
upec-145	1	0	0	1	1
upec-146	0	0	1	1	1
upec-147	0	0	1	1	1
upec-148	1	0	1	0	0
upec-15	1	0	1	1	1
upec-151	1	0	1	1	1
upec-153	0	0	0	0	0
upec-154	0	0	0	1	1
upec-155	1	0	0	1	1
upec-156	0	0	1	1	1
upec-157	0	0	1	0	0
upec-158	1	0	1	1	1
upec-159	0	0	1	0	0
upec-161	0	0	1	1	1
upec-162	1	0	1	0	0
upec-166	0	0	1	1	1
upec-169	0	0	1	0	0
upec-170	0	0	1	1	1
upec-171	1	0	1	0	0
upec-172	0	0	1	1	1
upec-173	0	0	1	1	1
upec-175	0	0	0	1	1
upec-176	0	1	1	0	0
upec-177	1	0	1	0	0
upec-179	0	0	1	1	1
upec-180	1	0	1	1	1
upec-181	1	0	1	0	0
upec-182	1	0	1	0	0
upec-184	0	0	1	1	1
upec-185	1	0	1	0	0
upec-186	0	0	1	1	1
upec-187	0	0	0	1	1
upec-188	0	0	1	1	1
upec-193	1	0	1	0	0
upec-195	0	0	1	0	0
upec-196	0	0	1	1	1
upec-197	1	0	1	0	0
upec-200	0	0	1	1	1
upec-201	0	0	1	1	1
upec-203	1	0	1	1	1
upec-205	0	0	1	1	1
upec-207	1	0	1	1	1
upec-208	0	0	1	1	1
upec-209	1	0	1	0	0
upec-211	0	0	1	1	1
upec-212	1	0	1	0	0
upec-213	0	0	1	1	1
upec-219	0	0	1	0	0
upec-220	1	0	1	0	0
upec-221	1	0	0	1	1
upec-225	0	0	1	1	1
upec-226	1	0	1	1	1
upec-227	1	0	1	0	0
upec-228	0	0	1	1	1
upec-229	0	0	1	0	0
upec-23	1	0	1	1	1
upec-230	1	0	1	0	0
upec-232	0	0	1	0	0
upec-233	0	0	1	0	0
upec-235	0	0	1	0	0
upec-236	0	0	1	0	0
upec-237	1	0	1	0	0
upec-238	0	0	1	1	1
upec-239	0	0	1	1	1
upec-24	1	0	1	1	1
upec-243	0	0	1	1	1
upec-244	0	0	1	0	0
upec-248	1	0	1	0	0
upec-249	0	0	1	0	0
upec-250	1	0	1	0	0
upec-251	1	0	1	0	0
upec-253	1	0	1	0	0
upec-254	1	0	0	1	1
upec-255	0	0	1	0	0
upec-256	1	0	0	1	1
upec-257	1	0	1	0	0
upec-258	1	0	1	0	0
upec-259	1	0	1	0	0
upec-260	1	0	1	0	0
upec-261	1	0	1	0	0
upec-266	0	0	1	1	1
upec-269	0	0	1	1	1
upec-271	1	0	1	0	0
upec-273	0	1	1	1	1
upec-274	0	0	1	1	1
upec-276	0	0	1	0	0
upec-277	0	0	1	1	1
upec-281	1	0	1	0	0
upec-282	0	0	1	1	1
upec-285	0	0	1	1	1
upec-286	1	0	1	1	1
upec-287	0	0	1	0	0
upec-288	0	0	1	0	0
upec-289	0	0	1	0	0
upec-3	1	0	1	1	1
upec-31	0	0	1	1	1
upec-33	0	0	1	1	1
upec-38	0	0	1	0	0
upec-39	1	0	1	0	0
upec-4	1	0	1	1	1
upec-40	0	0	1	1	1
upec-45	0	0	1	0	0
upec-48	1	0	1	0	0
upec-50	1	0	1	0	0
upec-51	0	0	1	0	0
upec-54	1	0	1	0	0
upec-56	1	0	0	1	1
upec-58	0	0	1	0	0
upec-59	0	0	1	1	1
upec-60	0	0	1	1	1
upec-61	0	0	1	0	0
upec-62	0	0	1	0	0
upec-65	0	0	1	0	0
upec-66	1	0	0	1	1
upec-69	1	0	0	1	1
upec-70	0	0	1	1	1
upec-73	0	0	1	0	0
upec-74	1	0	1	0	0
upec-75	0	0	1	0	0
upec-76	0	0	1	0	0
upec-77	1	0	1	0	0
upec-78	0	0	1	1	1
upec-79	0	0	1	0	0
upec-8	1	0	1	1	1
upec-80	0	0	1	1	1
upec-81	0	0	1	1	1
upec-82	1	0	0	1	1
upec-83	0	0	1	1	1
upec-84	0	0	1	1	1
upec-85	1	0	1	0	0
upec-87	1	0	1	1	1
upec-88	1	0	1	0	0
upec-89	0	0	1	1	1
upec-9	1	1	1	1	1
upec-90	1	0	1	0	0
upec-91	1	0	1	1	1
upec-93	0	0	1	0	0
upec-94	1	0	1	0	0
upec-95	0	0	1	1	1
upec-97	1	0	1	0	0
upec-98	0	0	1	0	0
upec-99	0	1	1	1	1
